{
  "project_info": {
    "project_number": "89000963716",
    "firebase_url": "https://mynoteskurs.firebaseio.com",
    "project_id": "mynoteskurs",
    "storage_bucket": "mynoteskurs.appspot.com"
  },
  "client": [
    {
      "client_info": {
        "mobilesdk_app_id": "1:89000963716:android:a5f591e8c071f0fdae9cd1",
        "android_client_info": {
          "package_name": "com.example.mynoteskurs"
        }
      },
      "oauth_client": [
        {
          "client_id": "89000963716-1cr8i2eup67uchuldl5l2qg2t0uisjcu.apps.googleusercontent.com",
          "client_type": 1,
          "android_info": {
            "package_name": "com.example.mynoteskurs",
            "certificate_hash": "97cb7aeb819974a6ae086b4165915efd73c94013"
          }
        },
        {
          "client_id": "89000963716-um84kolpolthth8vnrgg0ho6jnijqvt2.apps.googleusercontent.com",
          "client_type": 3
        }
      ],
      "api_key": [
        {
          "current_key": "AIzaSyAXm83sxBrUnT5TGAB0goe-l3qF8tZ8ETo"
        }
      ],
      "services": {
        "appinvite_service": {
          "other_platform_oauth_client": [
            {
              "client_id": "89000963716-um84kolpolthth8vnrgg0ho6jnijqvt2.apps.googleusercontent.com",
              "client_type": 3
            }
          ]
        }
      }
    }
  ],
  "configuration_version": "1"
}